[
  {
    "@context": "https://schema.org",
    "@type": "Organization",
    "@id": "Clover-IT",
    "name": "CloverIT",
    "telephone": "( 39 ) 42 68 53 00",
    "faxNumber": "( 39 ) 42 68 53 01",
    "email": "info@clover-it.com",
    "url": "https://clover-it.com",
    "logo": "/img/mocked-controller/clover.png",
    "address": {
      "@type": "PostalAddress",
      "addressLocality": "Viale dei fiori, Italy",
      "postalCode": "123456",
      "streetAddress": "Via del Campo Verde"
    },
    "member": [
      {
        "@type": "Organization"
      }
    ],
    "alumni": [
      {
        "@type": "Person",
        "name": "Andrea Bouquet",
        "jobTitle": "Data Protection Officer (DPO)"
      }
    ]
  },
  {
    "@context": "https://schema.org",
    "@type": "Organization",
    "@id": "CaixaBank-SA",
    "name": "CaixaBank SA",
    "telephone": "( 34 ) 938 56 24 94",
    "faxNumber": "",
    "email": "test@cxb.es",
    "url": "https://www.caixabank.com",
    "logo": "/data/trapeze-use-cases/use-case-3-CXB/controller-info/logos/CaixaBank_Logo_Horitzontal_RGB_white_bg.png",
    "address": {
      "@type": "PostalAddress",
      "addressLocality": "Barcelona, Spain",
      "postalCode": "08028",
      "streetAddress": "Avenida Diagonal 621"
    },
    "member": [
      {
        "@type": "Organization"
      }
    ],
    "alumni": [
      {
        "@type": "Person",
        "name": "",
        "jobTitle": "Data Protection Officer (DPO)"
      }
    ]
  },
  {
    "@context": "https://schema.org",
    "@type": "Organization",
    "@id": "Deutsche-Telekom-AG",
    "name": "Deutsche Telekom AG",
    "telephone": "( 49 ) 228 181-0",
    "faxNumber": "",
    "email": "datenschutz@telekom.de",
    "url": "https://www.telekom.com",
    "logo": "/data/trapeze-use-cases/use-case-2-DT/controller-info/logos/T-without-Slogan_png/T_Logo_3c_n_bg.png",
    "address": {
      "@type": "PostalAddress",
      "addressLocality": "Bonn, Germany",
      "postalCode": "53113",
      "streetAddress": "Friedrich-Ebert-Allee 140"
    },
    "member": [
      {
        "@type": "Organization"
      }
    ],
    "alumni": [
      {
        "@type": "Person",
        "name": "Dr. Claus-Dieter Ulmer",
        "jobTitle": "Data Protection Officer (DPO)"
      }
    ]
  },
  {
    "@context": "https://schema.org",
    "@type": "Organization",
    "@id": "Vlaamse-Gewest",
    "name": "Vlaamse Gewest",
    "telephone": "( 32 ) 2 553 1700",
    "faxNumber": "",
    "email": "test@aiv.be",
    "url": "https://www.vlaanderen.be",
    "logo": "/data/trapeze-use-cases/use-case-1-AIV/controller-info/logos/Flanders_verticaal.png",
    "address": {
      "@type": "PostalAddress",
      "addressLocality": "Brussel, Belgium",
      "postalCode": "1000",
      "streetAddress": "Avenue du Port 88"
    },
    "member": [
      {
        "@type": "Organization"
      }
    ],
    "alumni": [
      {
        "@type": "Person",
        "name": "",
        "jobTitle": "Data Protection Officer (DPO)"
      }
    ]
  }
]